[{"model": "admin_tools_stats.dashboardstats", "pk": 1, "fields": {"graph_key": "income_chart", "graph_title": "incomes", "model_app_name": "finance", "model_name": "Income", "date_field_name": "date_joined", "user_field_name": "user", "show_to_users": false, "operation_field_name": "category", "distinct": true, "cache_values": false, "type_operation_field_name": "Count", "allowed_type_operation_field_name": "Count,Sum", "default_chart_type": "discreteBarChart", "allowed_chart_types": "discreteBarChart,lineChart,pieChart", "default_time_period": 31, "default_time_scale": "days", "allowed_time_scales": "days,weeks,months", "y_axis_format": null, "default_multiseries_criteria": null, "is_visible": true, "created_date": "2024-02-28T13:12:21.982Z", "updated_date": "2024-02-29T16:16:51.165Z"}}, {"model": "admin_tools_stats.dashboardstats", "pk": 2, "fields": {"graph_key": "saving_graph", "graph_title": "savings", "model_app_name": "finance", "model_name": "Savings", "date_field_name": "date_saved", "user_field_name": "owner", "show_to_users": false, "operation_field_name": "amount_saved, target_amount", "distinct": true, "cache_values": false, "type_operation_field_name": "Count", "allowed_type_operation_field_name": "Count", "default_chart_type": "discreteBarChart", "allowed_chart_types": "discreteBarChart,lineChart", "default_time_period": 31, "default_time_scale": "days", "allowed_time_scales": "months,years", "y_axis_format": null, "default_multiseries_criteria": null, "is_visible": true, "created_date": "2024-02-29T14:36:56.107Z", "updated_date": "2024-02-29T14:36:56.107Z"}}, {"model": "admin_tools_stats.dashboardstats", "pk": 3, "fields": {"graph_key": "expense", "graph_title": "expenses", "model_app_name": "finance", "model_name": "Expense", "date_field_name": "date", "user_field_name": "super", "show_to_users": false, "operation_field_name": "amount_incured", "distinct": true, "cache_values": false, "type_operation_field_name": "Count", "allowed_type_operation_field_name": "Count,Sum,Avg", "default_chart_type": "discreteBarChart", "allowed_chart_types": "discreteBarChart,lineChart,multiBarChart,pieChart,multiBarHorizontalChart", "default_time_period": 31, "default_time_scale": "days", "allowed_time_scales": "days,weeks,months", "y_axis_format": null, "default_multiseries_criteria": null, "is_visible": true, "created_date": "2024-02-29T16:21:14.200Z", "updated_date": "2024-02-29T16:24:25.278Z"}}, {"model": "admin.logentry", "pk": 1, "fields": {"action_time": "2023-12-09T11:05:39.672Z", "user": 1, "content_type": 6, "object_id": "2", "object_repr": "charloako1@gmail.com", "action_flag": 1, "change_message": "[{\"added\": {}}]"}}, {"model": "admin.logentry", "pk": 2, "fields": {"action_time": "2023-12-11T11:25:53.988Z", "user": 1, "content_type": 7, "object_id": "1", "object_repr": "Income posted by cash@flow.com at 2023-12-11 11:25:40+00:00 is 20000", "action_flag": 1, "change_message": "[{\"added\": {}}]"}}, {"model": "admin.logentry", "pk": 3, "fields": {"action_time": "2023-12-12T12:19:18.391Z", "user": 1, "content_type": 9, "object_id": "1", "object_repr": "charloako1@gmail.com", "action_flag": 1, "change_message": "[{\"added\": {}}]"}}, {"model": "admin.logentry", "pk": 4, "fields": {"action_time": "2023-12-12T12:19:49.243Z", "user": 1, "content_type": 7, "object_id": "2", "object_repr": " posted by cash@flow.com  is 4657", "action_flag": 1, "change_message": "[{\"added\": {}}]"}}, {"model": "admin.logentry", "pk": 5, "fields": {"action_time": "2023-12-12T16:29:07.618Z", "user": 1, "content_type": 7, "object_id": "3", "object_repr": " posted by cash@flow.com  is 2500", "action_flag": 1, "change_message": "[{\"added\": {}}]"}}, {"model": "admin.logentry", "pk": 6, "fields": {"action_time": "2023-12-12T16:30:35.396Z", "user": 1, "content_type": 6, "object_id": "3", "object_repr": "rodney@gmail.com", "action_flag": 1, "change_message": "[{\"added\": {}}]"}}, {"model": "admin.logentry", "pk": 7, "fields": {"action_time": "2023-12-12T16:32:03.673Z", "user": 1, "content_type": 7, "object_id": "4", "object_repr": " posted by rodney@gmail.com  is 120000", "action_flag": 1, "change_message": "[{\"added\": {}}]"}}, {"model": "admin.logentry", "pk": 8, "fields": {"action_time": "2023-12-13T17:05:25.208Z", "user": 1, "content_type": 10, "object_id": "1", "object_repr": "cash@flow.com", "action_flag": 1, "change_message": "[{\"added\": {}}]"}}, {"model": "admin.logentry", "pk": 9, "fields": {"action_time": "2023-12-13T17:06:39.355Z", "user": 1, "content_type": 9, "object_id": "None", "object_repr": "charloako1@gmail.com", "action_flag": 1, "change_message": "[{\"added\": {}}]"}}, {"model": "admin.logentry", "pk": 10, "fields": {"action_time": "2023-12-16T18:55:16.661Z", "user": 1, "content_type": 10, "object_id": "1", "object_repr": "charloako1@gmail.com", "action_flag": 1, "change_message": "[{\"added\": {}}]"}}, {"model": "admin.logentry", "pk": 11, "fields": {"action_time": "2023-12-17T05:41:12.303Z", "user": 1, "content_type": 9, "object_id": "1", "object_repr": "charloako1@gmail.com", "action_flag": 1, "change_message": "[{\"added\": {}}]"}}, {"model": "admin.logentry", "pk": 12, "fields": {"action_time": "2023-12-17T05:56:03.343Z", "user": 1, "content_type": 9, "object_id": "2", "object_repr": "charloako1@gmail.com", "action_flag": 1, "change_message": "[{\"added\": {}}]"}}, {"model": "admin.logentry", "pk": 13, "fields": {"action_time": "2023-12-17T06:07:10.831Z", "user": 1, "content_type": 9, "object_id": "3", "object_repr": "charloako1@gmail.com", "action_flag": 1, "change_message": "[{\"added\": {}}]"}}, {"model": "admin.logentry", "pk": 14, "fields": {"action_time": "2024-01-04T17:59:07.283Z", "user": 1, "content_type": 6, "object_id": "4", "object_repr": "sekakama", "action_flag": 1, "change_message": "[{\"added\": {}}]"}}, {"model": "admin.logentry", "pk": 15, "fields": {"action_time": "2024-01-20T06:53:18.832Z", "user": 1, "content_type": 10, "object_id": "2", "object_repr": "sekakama", "action_flag": 1, "change_message": "[{\"added\": {}}]"}}, {"model": "admin.logentry", "pk": 16, "fields": {"action_time": "2024-01-20T07:10:30.661Z", "user": 1, "content_type": 10, "object_id": "2", "object_repr": "sekakama", "action_flag": 2, "change_message": "[]"}}, {"model": "admin.logentry", "pk": 17, "fields": {"action_time": "2024-01-20T09:46:29.321Z", "user": 1, "content_type": 10, "object_id": "3", "object_repr": "mukulu", "action_flag": 1, "change_message": "[{\"added\": {}}]"}}, {"model": "admin.logentry", "pk": 18, "fields": {"action_time": "2024-01-20T18:56:23.781Z", "user": 1, "content_type": 9, "object_id": "4", "object_repr": "True", "action_flag": 1, "change_message": "[{\"added\": {}}]"}}, {"model": "admin.logentry", "pk": 19, "fields": {"action_time": "2024-01-20T18:57:43.163Z", "user": 1, "content_type": 9, "object_id": "5", "object_repr": "matsumi", "action_flag": 1, "change_message": "[{\"added\": {}}]"}}, {"model": "admin.logentry", "pk": 20, "fields": {"action_time": "2024-01-21T06:23:07.705Z", "user": 1, "content_type": 7, "object_id": "17", "object_repr": " posted by True  is 1200", "action_flag": 1, "change_message": "[{\"added\": {}}]"}}, {"model": "admin.logentry", "pk": 21, "fields": {"action_time": "2024-01-21T06:23:33.246Z", "user": 1, "content_type": 7, "object_id": "17", "object_repr": " posted by True  is 1230", "action_flag": 2, "change_message": "[{\"changed\": {\"fields\": [\"User\", \"Category\", \"Amount\"]}}]"}}, {"model": "admin.logentry", "pk": 22, "fields": {"action_time": "2024-01-21T06:23:49.664Z", "user": 1, "content_type": 7, "object_id": "18", "object_repr": " posted by testuser5  is 5000", "action_flag": 1, "change_message": "[{\"added\": {}}]"}}, {"model": "admin.logentry", "pk": 23, "fields": {"action_time": "2024-01-21T06:24:08.001Z", "user": 1, "content_type": 7, "object_id": "19", "object_repr": " posted by max  is 19000", "action_flag": 1, "change_message": "[{\"added\": {}}]"}}, {"model": "admin.logentry", "pk": 24, "fields": {"action_time": "2024-01-21T06:24:17.901Z", "user": 1, "content_type": 7, "object_id": "20", "object_repr": " posted by True  is 7800", "action_flag": 1, "change_message": "[{\"added\": {}}]"}}, {"model": "admin.logentry", "pk": 25, "fields": {"action_time": "2024-01-21T06:24:33.024Z", "user": 1, "content_type": 7, "object_id": "21", "object_repr": " posted by True  is 4750", "action_flag": 1, "change_message": "[{\"added\": {}}]"}}, {"model": "admin.logentry", "pk": 26, "fields": {"action_time": "2024-01-21T08:00:34.002Z", "user": 1, "content_type": 9, "object_id": "7", "object_repr": "True", "action_flag": 2, "change_message": "[]"}}, {"model": "admin.logentry", "pk": 27, "fields": {"action_time": "2024-01-21T08:35:12.427Z", "user": 1, "content_type": 9, "object_id": "9", "object_repr": "True", "action_flag": 1, "change_message": "[{\"added\": {}}]"}}, {"model": "admin.logentry", "pk": 28, "fields": {"action_time": "2024-01-21T08:35:42.844Z", "user": 1, "content_type": 9, "object_id": "10", "object_repr": "True", "action_flag": 1, "change_message": "[{\"added\": {}}]"}}, {"model": "admin.logentry", "pk": 29, "fields": {"action_time": "2024-01-31T08:43:54.522Z", "user": 1, "content_type": 3, "object_id": "1", "object_repr": "Admin", "action_flag": 1, "change_message": "[{\"added\": {}}]"}}, {"model": "admin.logentry", "pk": 30, "fields": {"action_time": "2024-01-31T08:44:23.936Z", "user": 1, "content_type": 3, "object_id": "2", "object_repr": "superuser", "action_flag": 1, "change_message": "[{\"added\": {}}]"}}, {"model": "admin.logentry", "pk": 31, "fields": {"action_time": "2024-01-31T08:46:43.719Z", "user": 1, "content_type": 3, "object_id": "3", "object_repr": "staff", "action_flag": 1, "change_message": "[{\"added\": {}}]"}}, {"model": "admin.logentry", "pk": 32, "fields": {"action_time": "2024-01-31T08:49:12.698Z", "user": 1, "content_type": 6, "object_id": "12", "object_repr": "scar", "action_flag": 1, "change_message": "[{\"added\": {}}]"}}, {"model": "admin.logentry", "pk": 33, "fields": {"action_time": "2024-02-28T12:28:06.597Z", "user": 1, "content_type": 6, "object_id": "13", "object_repr": "drogo", "action_flag": 2, "change_message": "[{\"changed\": {\"fields\": [\"Groups\"]}}]"}}, {"model": "admin.logentry", "pk": 34, "fields": {"action_time": "2024-02-28T13:12:22.067Z", "user": 1, "content_type": 12, "object_id": "1", "object_repr": "income_chart", "action_flag": 1, "change_message": "[{\"added\": {}}]"}}, {"model": "admin.logentry", "pk": 35, "fields": {"action_time": "2024-02-28T13:19:07.901Z", "user": 1, "content_type": 7, "object_id": "28", "object_repr": " posted by matsumi  is 456", "action_flag": 1, "change_message": "[{\"added\": {}}]"}}, {"model": "admin.logentry", "pk": 36, "fields": {"action_time": "2024-02-28T13:22:20.241Z", "user": 1, "content_type": 12, "object_id": "1", "object_repr": "income_chart", "action_flag": 2, "change_message": "[{\"changed\": {\"fields\": [\"Allowed chart types\"]}}]"}}, {"model": "admin.logentry", "pk": 37, "fields": {"action_time": "2024-02-29T14:36:56.148Z", "user": 1, "content_type": 12, "object_id": "2", "object_repr": "saving_graph", "action_flag": 1, "change_message": "[{\"added\": {}}]"}}, {"model": "admin.logentry", "pk": 38, "fields": {"action_time": "2024-02-29T15:44:47.880Z", "user": 1, "content_type": 12, "object_id": "1", "object_repr": "income_chart", "action_flag": 2, "change_message": "[{\"changed\": {\"fields\": [\"Allowed chart types\"]}}]"}}, {"model": "admin.logentry", "pk": 39, "fields": {"action_time": "2024-02-29T15:46:00.695Z", "user": 1, "content_type": 7, "object_id": "32", "object_repr": " posted by rodney  is 1200", "action_flag": 1, "change_message": "[{\"added\": {}}]"}}, {"model": "admin.logentry", "pk": 40, "fields": {"action_time": "2024-02-29T16:11:04.594Z", "user": 1, "content_type": 12, "object_id": "1", "object_repr": "income_chart", "action_flag": 2, "change_message": "[{\"changed\": {\"fields\": [\"Distinct\", \"Choose Type operation\"]}}]"}}, {"model": "admin.logentry", "pk": 41, "fields": {"action_time": "2024-02-29T16:13:42.433Z", "user": 1, "content_type": 12, "object_id": "1", "object_repr": "income_chart", "action_flag": 2, "change_message": "[{\"changed\": {\"fields\": [\"Allowed time scales\"]}}]"}}, {"model": "admin.logentry", "pk": 42, "fields": {"action_time": "2024-02-29T16:16:51.197Z", "user": 1, "content_type": 12, "object_id": "1", "object_repr": "income_chart", "action_flag": 2, "change_message": "[{\"changed\": {\"fields\": [\"Allowed time scales\"]}}]"}}, {"model": "admin.logentry", "pk": 43, "fields": {"action_time": "2024-02-29T16:21:14.233Z", "user": 1, "content_type": 12, "object_id": "3", "object_repr": "expense", "action_flag": 1, "change_message": "[{\"added\": {}}]"}}, {"model": "admin.logentry", "pk": 44, "fields": {"action_time": "2024-02-29T16:24:25.322Z", "user": 1, "content_type": 12, "object_id": "3", "object_repr": "expense", "action_flag": 2, "change_message": "[{\"changed\": {\"fields\": [\"Distinct\", \"User field name\"]}}]"}}, {"model": "admin.logentry", "pk": 45, "fields": {"action_time": "2024-02-29T16:25:56.948Z", "user": 1, "content_type": 7, "object_id": "33", "object_repr": " posted by snurt  is 123", "action_flag": 1, "change_message": "[{\"added\": {}}]"}}, {"model": "auth.permission", "pk": 1, "fields": {"name": "Can add log entry", "content_type": 1, "codename": "add_logentry"}}, {"model": "auth.permission", "pk": 2, "fields": {"name": "Can change log entry", "content_type": 1, "codename": "change_logentry"}}, {"model": "auth.permission", "pk": 3, "fields": {"name": "Can delete log entry", "content_type": 1, "codename": "delete_logentry"}}, {"model": "auth.permission", "pk": 4, "fields": {"name": "Can view log entry", "content_type": 1, "codename": "view_logentry"}}, {"model": "auth.permission", "pk": 5, "fields": {"name": "Can add permission", "content_type": 2, "codename": "add_permission"}}, {"model": "auth.permission", "pk": 6, "fields": {"name": "Can change permission", "content_type": 2, "codename": "change_permission"}}, {"model": "auth.permission", "pk": 7, "fields": {"name": "Can delete permission", "content_type": 2, "codename": "delete_permission"}}, {"model": "auth.permission", "pk": 8, "fields": {"name": "Can view permission", "content_type": 2, "codename": "view_permission"}}, {"model": "auth.permission", "pk": 9, "fields": {"name": "Can add group", "content_type": 3, "codename": "add_group"}}, {"model": "auth.permission", "pk": 10, "fields": {"name": "Can change group", "content_type": 3, "codename": "change_group"}}, {"model": "auth.permission", "pk": 11, "fields": {"name": "Can delete group", "content_type": 3, "codename": "delete_group"}}, {"model": "auth.permission", "pk": 12, "fields": {"name": "Can view group", "content_type": 3, "codename": "view_group"}}, {"model": "auth.permission", "pk": 13, "fields": {"name": "Can add content type", "content_type": 4, "codename": "add_contenttype"}}, {"model": "auth.permission", "pk": 14, "fields": {"name": "Can change content type", "content_type": 4, "codename": "change_contenttype"}}, {"model": "auth.permission", "pk": 15, "fields": {"name": "Can delete content type", "content_type": 4, "codename": "delete_contenttype"}}, {"model": "auth.permission", "pk": 16, "fields": {"name": "Can view content type", "content_type": 4, "codename": "view_contenttype"}}, {"model": "auth.permission", "pk": 17, "fields": {"name": "Can add session", "content_type": 5, "codename": "add_session"}}, {"model": "auth.permission", "pk": 18, "fields": {"name": "Can change session", "content_type": 5, "codename": "change_session"}}, {"model": "auth.permission", "pk": 19, "fields": {"name": "Can delete session", "content_type": 5, "codename": "delete_session"}}, {"model": "auth.permission", "pk": 20, "fields": {"name": "Can view session", "content_type": 5, "codename": "view_session"}}, {"model": "auth.permission", "pk": 21, "fields": {"name": "Can add custom user", "content_type": 6, "codename": "add_customuser"}}, {"model": "auth.permission", "pk": 22, "fields": {"name": "Can change custom user", "content_type": 6, "codename": "change_customuser"}}, {"model": "auth.permission", "pk": 23, "fields": {"name": "Can delete custom user", "content_type": 6, "codename": "delete_customuser"}}, {"model": "auth.permission", "pk": 24, "fields": {"name": "Can view custom user", "content_type": 6, "codename": "view_customuser"}}, {"model": "auth.permission", "pk": 25, "fields": {"name": "Can add income", "content_type": 7, "codename": "add_income"}}, {"model": "auth.permission", "pk": 26, "fields": {"name": "Can change income", "content_type": 7, "codename": "change_income"}}, {"model": "auth.permission", "pk": 27, "fields": {"name": "Can delete income", "content_type": 7, "codename": "delete_income"}}, {"model": "auth.permission", "pk": 28, "fields": {"name": "Can view income", "content_type": 7, "codename": "view_income"}}, {"model": "auth.permission", "pk": 29, "fields": {"name": "Can add category", "content_type": 8, "codename": "add_category"}}, {"model": "auth.permission", "pk": 30, "fields": {"name": "Can change category", "content_type": 8, "codename": "change_category"}}, {"model": "auth.permission", "pk": 31, "fields": {"name": "Can delete category", "content_type": 8, "codename": "delete_category"}}, {"model": "auth.permission", "pk": 32, "fields": {"name": "Can view category", "content_type": 8, "codename": "view_category"}}, {"model": "auth.permission", "pk": 33, "fields": {"name": "Can add savings", "content_type": 9, "codename": "add_savings"}}, {"model": "auth.permission", "pk": 34, "fields": {"name": "Can change savings", "content_type": 9, "codename": "change_savings"}}, {"model": "auth.permission", "pk": 35, "fields": {"name": "Can delete savings", "content_type": 9, "codename": "delete_savings"}}, {"model": "auth.permission", "pk": 36, "fields": {"name": "Can view savings", "content_type": 9, "codename": "view_savings"}}, {"model": "auth.permission", "pk": 37, "fields": {"name": "Can add expense", "content_type": 10, "codename": "add_expense"}}, {"model": "auth.permission", "pk": 38, "fields": {"name": "Can change expense", "content_type": 10, "codename": "change_expense"}}, {"model": "auth.permission", "pk": 39, "fields": {"name": "Can delete expense", "content_type": 10, "codename": "delete_expense"}}, {"model": "auth.permission", "pk": 40, "fields": {"name": "Can view expense", "content_type": 10, "codename": "view_expense"}}, {"model": "auth.permission", "pk": 41, "fields": {"name": "Can add profile", "content_type": 11, "codename": "add_profile"}}, {"model": "auth.permission", "pk": 42, "fields": {"name": "Can change profile", "content_type": 11, "codename": "change_profile"}}, {"model": "auth.permission", "pk": 43, "fields": {"name": "Can delete profile", "content_type": 11, "codename": "delete_profile"}}, {"model": "auth.permission", "pk": 44, "fields": {"name": "Can view profile", "content_type": 11, "codename": "view_profile"}}, {"model": "auth.permission", "pk": 45, "fields": {"name": "Can add dashboard stats", "content_type": 12, "codename": "add_dashboardstats"}}, {"model": "auth.permission", "pk": 46, "fields": {"name": "Can change dashboard stats", "content_type": 12, "codename": "change_dashboardstats"}}, {"model": "auth.permission", "pk": 47, "fields": {"name": "Can delete dashboard stats", "content_type": 12, "codename": "delete_dashboardstats"}}, {"model": "auth.permission", "pk": 48, "fields": {"name": "Can view dashboard stats", "content_type": 12, "codename": "view_dashboardstats"}}, {"model": "auth.permission", "pk": 49, "fields": {"name": "Can add dashboard stats criteria", "content_type": 13, "codename": "add_dashboardstatscriteria"}}, {"model": "auth.permission", "pk": 50, "fields": {"name": "Can change dashboard stats criteria", "content_type": 13, "codename": "change_dashboardstatscriteria"}}, {"model": "auth.permission", "pk": 51, "fields": {"name": "Can delete dashboard stats criteria", "content_type": 13, "codename": "delete_dashboardstatscriteria"}}, {"model": "auth.permission", "pk": 52, "fields": {"name": "Can view dashboard stats criteria", "content_type": 13, "codename": "view_dashboardstatscriteria"}}, {"model": "auth.permission", "pk": 53, "fields": {"name": "Can add criteria to stats m2m", "content_type": 14, "codename": "add_criteriatostatsm2m"}}, {"model": "auth.permission", "pk": 54, "fields": {"name": "Can change criteria to stats m2m", "content_type": 14, "codename": "change_criteriatostatsm2m"}}, {"model": "auth.permission", "pk": 55, "fields": {"name": "Can delete criteria to stats m2m", "content_type": 14, "codename": "delete_criteriatostatsm2m"}}, {"model": "auth.permission", "pk": 56, "fields": {"name": "Can view criteria to stats m2m", "content_type": 14, "codename": "view_criteriatostatsm2m"}}, {"model": "auth.permission", "pk": 57, "fields": {"name": "Can add cached value", "content_type": 15, "codename": "add_cachedvalue"}}, {"model": "auth.permission", "pk": 58, "fields": {"name": "Can change cached value", "content_type": 15, "codename": "change_cachedvalue"}}, {"model": "auth.permission", "pk": 59, "fields": {"name": "Can delete cached value", "content_type": 15, "codename": "delete_cachedvalue"}}, {"model": "auth.permission", "pk": 60, "fields": {"name": "Can view cached value", "content_type": 15, "codename": "view_cachedvalue"}}, {"model": "auth.group", "pk": 1, "fields": {"name": "Admin", "permissions": [16, 30, 32, 37, 38, 39, 40, 25, 26, 27, 28, 33, 34, 35, 36]}}, {"model": "auth.group", "pk": 2, "fields": {"name": "superuser", "permissions": [1, 2, 3, 4, 9, 10, 11, 12, 5, 6, 7, 8, 13, 14, 15, 16, 29, 30, 31, 32, 37, 38, 39, 40, 25, 26, 27, 28, 33, 34, 35, 36, 17, 18, 19, 20, 21, 22, 23, 24]}}, {"model": "auth.group", "pk": 3, "fields": {"name": "staff", "permissions": [40, 28, 33, 36, 20, 24]}}, {"model": "contenttypes.contenttype", "pk": 1, "fields": {"app_label": "admin", "model": "logentry"}}, {"model": "contenttypes.contenttype", "pk": 2, "fields": {"app_label": "auth", "model": "permission"}}, {"model": "contenttypes.contenttype", "pk": 3, "fields": {"app_label": "auth", "model": "group"}}, {"model": "contenttypes.contenttype", "pk": 4, "fields": {"app_label": "contenttypes", "model": "contenttype"}}, {"model": "contenttypes.contenttype", "pk": 5, "fields": {"app_label": "sessions", "model": "session"}}, {"model": "contenttypes.contenttype", "pk": 6, "fields": {"app_label": "users", "model": "customuser"}}, {"model": "contenttypes.contenttype", "pk": 7, "fields": {"app_label": "finance", "model": "income"}}, {"model": "contenttypes.contenttype", "pk": 8, "fields": {"app_label": "finance", "model": "category"}}, {"model": "contenttypes.contenttype", "pk": 9, "fields": {"app_label": "finance", "model": "savings"}}, {"model": "contenttypes.contenttype", "pk": 10, "fields": {"app_label": "finance", "model": "expense"}}, {"model": "contenttypes.contenttype", "pk": 11, "fields": {"app_label": "users", "model": "profile"}}, {"model": "contenttypes.contenttype", "pk": 12, "fields": {"app_label": "admin_tools_stats", "model": "dashboardstats"}}, {"model": "contenttypes.contenttype", "pk": 13, "fields": {"app_label": "admin_tools_stats", "model": "dashboardstatscriteria"}}, {"model": "contenttypes.contenttype", "pk": 14, "fields": {"app_label": "admin_tools_stats", "model": "criteriatostatsm2m"}}, {"model": "contenttypes.contenttype", "pk": 15, "fields": {"app_label": "admin_tools_stats", "model": "cachedvalue"}}, {"model": "sessions.session", "pk": "4p9aq4eoz2ywc3aoif74d2x4eb2uvyae", "fields": {"session_data": ".eJxVjMsOwiAQRf-FtSEQHgMu3fsNZGAGqRqalHZl_Hdt0oVu7znnvkTCbW1pG7ykicRZaHH63TKWB_cd0B37bZZl7usyZbkr8qBDXmfi5-Vw_w4ajvatIziCqANZzGA5gFLgleNcbXXROMZaAhWDGgOrbI2PHpBNsRWqiSDeH9zhN_Q:1rV671:7LZExN9fkG3EWSIKd8pgenZdNPZg6aIqmKoe-SV4_JM", "expire_date": "2024-02-14T08:38:27.959Z"}}, {"model": "sessions.session", "pk": "cm7jjokzbkhlknorhuairvdqrlgsum3d", "fields": {"session_data": ".eJxVjEEOwiAQRe_C2hDotCAu3fcMZJiZStVAUtqV8e7apAvd_vfef6mI25rj1mSJM6uLsur0uyWkh5Qd8B3LrWqqZV3mpHdFH7TpsbI8r4f7d5Cx5W8txgZA60KYZPIE5Kg7UzLeGBbjABmRhoEdgITeJabOBhGbsEcPltX7A_JfOH4:1rBtyt:OlvnidryJcB-da9yqjFri4of-iTisTRD4TQMfxZcsOw", "expire_date": "2023-12-23T09:50:43.807Z"}}, {"model": "sessions.session", "pk": "kyzkxdidvd9liekvox5ywu9bs5y1usig", "fields": {"session_data": ".eJxVjMsOwiAQRf-FtSEQHgMu3fsNZGAGqRqalHZl_Hdt0oVu7znnvkTCbW1pG7ykicRZaHH63TKWB_cd0B37bZZl7usyZbkr8qBDXmfi5-Vw_w4ajvatIziCqANZzGA5gFLgleNcbXXROMZaAhWDGgOrbI2PHpBNsRWqiSDeH9zhN_Q:1rPPcU:yWXZPLMVHOB0zduPEhhhykUaAumbEnA2qTEoXQGHJxg", "expire_date": "2024-01-29T16:15:26.060Z"}}, {"model": "sessions.session", "pk": "tduq4vpijx2hw01e4yyt7ogtio7md8v3", "fields": {"session_data": ".eJxVjMsOwiAQRf-FtSEQHgMu3fsNZGAGqRqalHZl_Hdt0oVu7znnvkTCbW1pG7ykicRZaHH63TKWB_cd0B37bZZl7usyZbkr8qBDXmfi5-Vw_w4ajvatIziCqANZzGA5gFLgleNcbXXROMZaAhWDGgOrbI2PHpBNsRWqiSDeH9zhN_Q:1rfJ0n:34ckg-Z2wI9HIyS5FBKay4_-Z28MNvfS9t9hYkYw37E", "expire_date": "2024-03-13T12:26:13.985Z"}}, {"model": "sessions.session", "pk": "ubetd9h8v35cemp00jois42tn6xf1r0f", "fields": {"session_data": ".eJxVjMsOwiAQRf-FtSEQHgMu3fsNZGAGqRqalHZl_Hdt0oVu7znnvkTCbW1pG7ykicRZaHH63TKWB_cd0B37bZZl7usyZbkr8qBDXmfi5-Vw_w4ajvatIziCqANZzGA5gFLgleNcbXXROMZaAhWDGgOrbI2PHpBNsRWqiSDeH9zhN_Q:1rkd4X:CBiUi0xtRDwIuZzxRug1DYO_H71vijI4W3cc7Bstb1s", "expire_date": "2024-03-28T04:52:05.421Z"}}, {"model": "users.customuser", "pk": 1, "fields": {"password": "pbkdf2_sha256$600000$YBWBSTU4XHiCqTjDhyKoDB$SJ6tsN8bqKRr/hZSULOoe2Fkzb0oo3rxJJ7JNQEb7kg=", "last_login": "2024-03-14T04:52:05.396Z", "is_superuser": true, "username": "True", "email": "cash@flow.com", "is_staff": true, "is_active": true, "date_joined": "2023-12-09T09:49:38.594Z", "is_approved": false, "groups": [], "user_permissions": []}}, {"model": "users.customuser", "pk": 2, "fields": {"password": "moneyapp", "last_login": "2023-12-09T11:05:14Z", "is_superuser": false, "username": "True", "email": "charloako1@gmail.com", "is_staff": true, "is_active": false, "date_joined": "2023-12-09T10:57:12Z", "is_approved": false, "groups": [], "user_permissions": []}}, {"model": "users.customuser", "pk": 3, "fields": {"password": "moneyapp", "last_login": null, "is_superuser": true, "username": "True", "email": "rodney@gmail.com", "is_staff": false, "is_active": true, "date_joined": "2023-12-12T16:29:51Z", "is_approved": false, "groups": [], "user_permissions": []}}, {"model": "users.customuser", "pk": 4, "fields": {"password": "moneyapp", "last_login": "2024-01-04T17:58:21Z", "is_superuser": false, "username": "sekakama", "email": "sekakama@gmail.com", "is_staff": false, "is_active": true, "date_joined": "2024-01-04T17:57:55Z", "is_approved": false, "groups": [], "user_permissions": []}}, {"model": "users.customuser", "pk": 5, "fields": {"password": "pbkdf2_sha256$600000$aSjY667Qt9mETeyfMEp9d5$7IWQyHsokU8f88SNOAdEnN9ODH3mHYSa46MOqpyDXmI=", "last_login": null, "is_superuser": false, "username": "matsumi", "email": "sumi@sabi.com", "is_staff": false, "is_active": true, "date_joined": "2024-01-04T18:26:05.526Z", "is_approved": false, "groups": [], "user_permissions": []}}, {"model": "users.customuser", "pk": 6, "fields": {"password": "pbkdf2_sha256$600000$3XmQBEEks8zzplMOKKiFpn$+q6LtOh8dIqBqcR7kv6rARNyx0tG8mkT+vFs3YOhtNM=", "last_login": null, "is_superuser": false, "username": "mukulu", "email": "mukulu@sabisands.com", "is_staff": false, "is_active": true, "date_joined": "2024-01-05T14:01:36.297Z", "is_approved": false, "groups": [], "user_permissions": []}}, {"model": "users.customuser", "pk": 7, "fields": {"password": "pbkdf2_sha256$600000$j8oycJSTJlbb3SkjKrYjCe$z4e8+F/9Yi2vY1B5FB16bPhAe/p1VTmUHEo+MiQy3/Q=", "last_login": "2024-01-06T07:39:20.854Z", "is_superuser": false, "username": "testuser5", "email": "tu5@gmail.com", "is_staff": false, "is_active": true, "date_joined": "2024-01-06T07:38:20.542Z", "is_approved": false, "groups": [], "user_permissions": []}}, {"model": "users.customuser", "pk": 8, "fields": {"password": "pbkdf2_sha256$600000$obaUyjcZglnXsmHGN6WA74$9pOB2CqlVq1H2Yy/wmVLAYdYtd/FyyjzHP6MqFnnG7A=", "last_login": null, "is_superuser": false, "username": "rodney", "email": "winstonerodney1738@gmail.com", "is_staff": false, "is_active": true, "date_joined": "2024-01-07T07:17:27.340Z", "is_approved": false, "groups": [], "user_permissions": []}}, {"model": "users.customuser", "pk": 9, "fields": {"password": "pbkdf2_sha256$600000$AsbJ1VwcRPLDHW6gtp87PQ$yKNpbaaQRNR4zaddRAuRF+E70oE+UUHABwIaZwxFGr0=", "last_login": "2024-01-07T07:19:50.251Z", "is_superuser": false, "username": "snurt", "email": "rodney@west.com", "is_staff": false, "is_active": true, "date_joined": "2024-01-07T07:19:16.120Z", "is_approved": false, "groups": [], "user_permissions": []}}, {"model": "users.customuser", "pk": 10, "fields": {"password": "pbkdf2_sha256$600000$CC4lQOeSQxWN3JdURKgNxz$VOW1VzjJImbOdkx7Zp510xlta/qM74Lz4NX7nKB21GQ=", "last_login": null, "is_superuser": false, "username": "max", "email": "max48@gmail.com", "is_staff": false, "is_active": true, "date_joined": "2024-01-07T07:47:42.436Z", "is_approved": false, "groups": [], "user_permissions": []}}, {"model": "users.customuser", "pk": 11, "fields": {"password": "pbkdf2_sha256$600000$Yt9TZokZXSKmq1IiKKf403$B2HBvuiXioI4v79nFqZWF/Sqo6VLOU7p6yOFEdLUiXo=", "last_login": null, "is_superuser": false, "username": "winstone", "email": "snurt123@gmail.com", "is_staff": false, "is_active": true, "date_joined": "2024-01-07T07:50:41.620Z", "is_approved": false, "groups": [], "user_permissions": []}}, {"model": "users.customuser", "pk": 12, "fields": {"password": "clawclaw", "last_login": null, "is_superuser": false, "username": "scar", "email": "scar@lion.com", "is_staff": false, "is_active": true, "date_joined": "2024-01-31T08:47:04Z", "is_approved": true, "groups": [3], "user_permissions": []}}, {"model": "users.customuser", "pk": 13, "fields": {"password": "pbkdf2_sha256$600000$zxv188xPdRNVsP3GEy0PqA$bsUqd9IOzXL3EFeaZYzPXsCF2VG2y8KJIXY680fTytg=", "last_login": "2024-02-14T18:05:06Z", "is_superuser": false, "username": "drogo", "email": "drogo@got.com", "is_staff": false, "is_active": true, "date_joined": "2024-02-14T18:03:55Z", "is_approved": false, "groups": [3], "user_permissions": []}}, {"model": "finance.income", "pk": 1, "fields": {"user": 1, "category": "DS", "amount": 20000, "date_joined": "2023-12-11T11:25:40Z"}}, {"model": "finance.income", "pk": 2, "fields": {"user": 1, "category": "DS", "amount": 4657, "date_joined": "2023-12-12T12:19:38Z"}}, {"model": "finance.income", "pk": 3, "fields": {"user": 1, "category": "EQ", "amount": 2500, "date_joined": "2023-12-01T16:29:02Z"}}, {"model": "finance.income", "pk": 4, "fields": {"user": 3, "category": "DT", "amount": 120000, "date_joined": "2023-10-02T16:31:57Z"}}, {"model": "finance.income", "pk": 5, "fields": {"user": 2, "category": "DT", "amount": 6792, "date_joined": "2024-01-15T18:02:44Z"}}, {"model": "finance.income", "pk": 10, "fields": {"user": 1, "category": "DT", "amount": 23456, "date_joined": "2024-01-19T09:08:09Z"}}, {"model": "finance.income", "pk": 11, "fields": {"user": 1, "category": "DT", "amount": 23456, "date_joined": "2024-01-19T09:08:09Z"}}, {"model": "finance.income", "pk": 12, "fields": {"user": 1, "category": "DT", "amount": 23456, "date_joined": "2024-01-19T09:08:09Z"}}, {"model": "finance.income", "pk": 13, "fields": {"user": 1, "category": "DT", "amount": 233, "date_joined": "2024-01-19T09:08:09Z"}}, {"model": "finance.income", "pk": 14, "fields": {"user": 1, "category": "DT", "amount": 233, "date_joined": "2024-01-19T09:08:09Z"}}, {"model": "finance.income", "pk": 15, "fields": {"user": 1, "category": "DT", "amount": 233, "date_joined": "2024-01-19T09:08:09Z"}}, {"model": "finance.income", "pk": 16, "fields": {"user": 1, "category": "DT", "amount": 123, "date_joined": "2024-01-19T10:08:50Z"}}, {"model": "finance.income", "pk": 17, "fields": {"user": 1, "category": "KT", "amount": 1230, "date_joined": "2024-01-21T06:22:52Z"}}, {"model": "finance.income", "pk": 18, "fields": {"user": 7, "category": "KT", "amount": 5000, "date_joined": "2024-01-21T06:23:33Z"}}, {"model": "finance.income", "pk": 19, "fields": {"user": 10, "category": "DT", "amount": 19000, "date_joined": "2024-01-21T06:23:49Z"}}, {"model": "finance.income", "pk": 20, "fields": {"user": 3, "category": "DT", "amount": 7800, "date_joined": "2024-01-21T06:24:08Z"}}, {"model": "finance.income", "pk": 21, "fields": {"user": 3, "category": "DT", "amount": 4750, "date_joined": "2024-01-21T06:24:18Z"}}, {"model": "finance.income", "pk": 23, "fields": {"user": 1, "category": "DT", "amount": 45000, "date_joined": "2024-02-08T18:17:07Z"}}, {"model": "finance.income", "pk": 24, "fields": {"user": 13, "category": "DT", "amount": 46789, "date_joined": "2024-02-27T16:55:33Z"}}, {"model": "finance.income", "pk": 25, "fields": {"user": 13, "category": "DT", "amount": 46789, "date_joined": "2024-02-27T16:55:54Z"}}, {"model": "finance.income", "pk": 26, "fields": {"user": 13, "category": "DS", "amount": 40000, "date_joined": "2024-02-27T17:04:42Z"}}, {"model": "finance.income", "pk": 27, "fields": {"user": 13, "category": "DT", "amount": 2000, "date_joined": "2024-02-27T17:22:06Z"}}, {"model": "finance.income", "pk": 28, "fields": {"user": 5, "category": "DT", "amount": 456, "date_joined": "2024-02-28T13:18:58Z"}}, {"model": "finance.income", "pk": 29, "fields": {"user": 1, "category": "EQ", "amount": 3400, "date_joined": "2024-02-29T15:40:27Z"}}, {"model": "finance.income", "pk": 30, "fields": {"user": 1, "category": "DT", "amount": 56000, "date_joined": "2024-02-29T15:41:25Z"}}, {"model": "finance.income", "pk": 31, "fields": {"user": 1, "category": "DN", "amount": 20000, "date_joined": "2024-02-29T15:42:05Z"}}, {"model": "finance.income", "pk": 32, "fields": {"user": 8, "category": "DT", "amount": 1200, "date_joined": "2024-02-29T15:45:52Z"}}, {"model": "finance.income", "pk": 33, "fields": {"user": 9, "category": "DT", "amount": 123, "date_joined": "2024-01-29T16:25:36Z"}}, {"model": "finance.income", "pk": 34, "fields": {"user": 1, "category": "DT", "amount": 1200, "date_joined": "2024-03-10T20:02:46Z"}}, {"model": "finance.income", "pk": 35, "fields": {"user": 1, "category": "DN", "amount": 60000, "date_joined": "2024-03-15T09:13:00Z"}}, {"model": "finance.income", "pk": 36, "fields": {"user": 1, "category": "KT", "amount": 8000, "date_joined": "2024-03-16T07:35:13Z"}}, {"model": "finance.income", "pk": 37, "fields": {"user": 1, "category": "EQ", "amount": 60000, "date_joined": "2024-03-16T07:35:50Z"}}, {"model": "finance.income", "pk": 38, "fields": {"user": 1, "category": "KT", "amount": 70000, "date_joined": "2024-03-16T07:36:15Z"}}, {"model": "finance.savings", "pk": 1, "fields": {"user": 2, "goal": "chicken pen", "target_amount": 20000, "amount_saved": 0, "date_saved": "2023-12-17T06:05:17.391Z"}}, {"model": "finance.savings", "pk": 2, "fields": {"user": 2, "goal": "chicken pen", "target_amount": 5, "amount_saved": 0, "date_saved": "2023-12-17T06:05:17.391Z"}}, {"model": "finance.savings", "pk": 3, "fields": {"user": 2, "goal": "chicken pen", "target_amount": 5, "amount_saved": 2, "date_saved": "2023-12-17T06:06:49Z"}}, {"model": "finance.savings", "pk": 4, "fields": {"user": 3, "goal": "chicken pen", "target_amount": 30000, "amount_saved": 0, "date_saved": "2024-01-20T18:55:35Z"}}, {"model": "finance.savings", "pk": 5, "fields": {"user": 5, "goal": "laptop", "target_amount": 35000, "amount_saved": 5000, "date_saved": "2024-01-20T18:56:42Z"}}, {"model": "finance.savings", "pk": 6, "fields": {"user": 1, "goal": "forex", "target_amount": 35000, "amount_saved": 15000, "date_saved": "2024-01-21T06:29:50Z"}}, {"model": "finance.savings", "pk": 7, "fields": {"user": 1, "goal": "dog kennel", "target_amount": 25000, "amount_saved": 8000, "date_saved": "2024-01-21T07:47:13Z"}}, {"model": "finance.savings", "pk": 8, "fields": {"user": 1, "goal": "forex", "target_amount": 60000, "amount_saved": 20000, "date_saved": "2024-01-21T08:26:21Z"}}, {"model": "finance.savings", "pk": 9, "fields": {"user": 1, "goal": "potatoe", "target_amount": 13000, "amount_saved": 4000, "date_saved": "2024-01-21T08:00:34Z"}}, {"model": "finance.savings", "pk": 10, "fields": {"user": 3, "goal": "clicks", "target_amount": 40000, "amount_saved": 7600, "date_saved": "2024-01-21T08:35:12Z"}}, {"model": "finance.expense", "pk": 1, "fields": {"user": 2, "expense_incured": "roofing repair", "amount": 0.02, "date": "2023-12-16T00:00:00Z"}}, {"model": "finance.expense", "pk": 2, "fields": {"user": 4, "expense_incured": "shopping", "amount": 2345, "date": "2024-01-23T00:00:00Z"}}, {"model": "finance.expense", "pk": 3, "fields": {"user": 6, "expense_incured": "dog food purchase", "amount": 45000, "date": "2024-01-23T00:00:00Z"}}, {"model": "finance.expense", "pk": 8, "fields": {"user": 13, "expense_incured": "dog food", "amount": 1000, "date": "2024-02-27T16:56:35Z"}}, {"model": "finance.expense", "pk": 9, "fields": {"user": 1, "expense_incured": "m;", "amount": 78, "date": "2024-02-28T12:32:30Z"}}, {"model": "finance.expense", "pk": 10, "fields": {"user": 1, "expense_incured": "borehole", "amount": 50000, "date": "2024-02-29T16:27:25Z"}}, {"model": "finance.expense", "pk": 11, "fields": {"user": 1, "expense_incured": "dog deposit", "amount": 35000, "date": "2024-02-29T16:29:04Z"}}, {"model": "finance.expense", "pk": 12, "fields": {"user": 1, "expense_incured": "shopping", "amount": 12374, "date": "2024-03-14T06:41:02Z"}}, {"model": "finance.expense", "pk": 13, "fields": {"user": 1, "expense_incured": "dog food", "amount": 5000, "date": "2024-03-15T09:17:53Z"}}, {"model": "finance.expense", "pk": 14, "fields": {"user": 1, "expense_incured": "dog food", "amount": 15000, "date": "2024-03-15T09:18:23Z"}}]
